id,name,minPrice,maxPrice,typologies,minSaleableArea,maxSaleableArea,micromarket,possessionDate,propscore,popularity,projectStatus,city,slug,image,type,developerId,developerName,landArea,micromarketId,alt,latitude,longitude,metroProximity,developerGrade,petPark,squash,pharmacy,basketball,heatedPool,unitDensity,micromarketPriceAverage
387,Assetz Melodies of Life,9600000,9600000,['Square'],600,600,Choodasandra,2026-08-30T13:00:00.000Z,4.38,A,available,Bengaluru,assetz-melodies-of-life-choodasandra,https://d1zk2x7mtoyb2b.cloudfront.net/ProjectImages/387-assetz-melodies-of-life-choodasandra/views-2.webp,Plot,15,Assetz Property,39.0,114,Assetz Melodies of Life Choodasandra Bengaluru Views,12.884512901306152,77.68721771240234,5.11,G,1,0,0,0,0,13,7148
413,Sattva Lumina,7133207,7133207,['1BHK'],684,684,Doddaballapur Road,2029-10-31T13:00:00.000Z,3.79,A,available,Bengaluru,sattva-lumina-doddabellapur-road,https://d1zk2x7mtoyb2b.cloudfront.net/ProjectImages/413-sattva-lumina-doddabellapur-road/views-2.webp,Apartment,14,Sattva Group,12.83,108,Sattva Lumina Doddaballapur Road Bengaluru Views,13.172552108764648,77.55116271972656,11.68,A,1,0,0,0,0,43,9607
537,Abhee Aaria,8249000,8249000,['1BHK'],730,730,Gunjur,2031-05-30T18:30:00.000Z,3.71,A,available,Bengaluru,abhee-aaria-gunjur,https://d1zk2x7mtoyb2b.cloudfront.net/ProjectImages/537-abhee-aaria-gunjur/views-3DRender-0.webp,Apartment,110,Abhee Ventures Private Limited,12.19,58,Abhee Aaria Gunjur Bengaluru Views,12.914917,77.7365,4.21,C,1,1,0,0,1,83,11971
494,Birla Evara,9320282,9320282,['1BHK'],714,714,Kodathi,2031-12-24T18:30:00.000Z,3.57,A,available,Bengaluru,birla-evara-kodathi,https://d1zk2x7mtoyb2b.cloudfront.net/ProjectImages/494-birla-evara-kodathi/views-amenities-0.webp,Apartment,7,Birla Estate,25.71,67,Birla Evara Kodathi Bengaluru Views,12.885231,77.703123,4.19,G,1,1,0,1,0,62,11756
526,The Earth by SRK,9750000,9750000,['Square'],1500,1500,Nandi Hills,2026-05-30T18:30:00.000Z,3.5,A,soldOut,Bengaluru,the-earth-by-srk-nandi-hills,https://d1zk2x7mtoyb2b.cloudfront.net/ProjectImages/526-the-earth-by-srk-nandi-hills/views-amenities-0.webp,Plot,139,SRK Infra,35.0,21,The Earth by SRK Nandi Hills Bengaluru Views,13.34011,77.65153,24.23,B,0,0,0,1,0,13,6807
553,Prestige Southern Star,9149353,9149353,['1BHK'],695,695,Begur,2029-09-29T18:30:00.000Z,3.5,A,available,Bengaluru,prestige-southern-star-begur,https://d1zk2x7mtoyb2b.cloudfront.net/ProjectImages/553-prestige-southern-star-begur/views-aerialView-0.webp,Apartment,2,Prestige Constructions,30.0,82,Prestige Southern Star Begur Bengaluru Views,12.8741008,77.6231296,3.03,G,1,1,0,1,1,71,12266
478,Sattva Songbird,5709600,9223200,"['1BHK', 'Studio']",468,756,Budigere Cross,2029-05-05T18:30:00.000Z,3.43,A,available,Bengaluru,sattva-songbird-budigere-cross,https://d1zk2x7mtoyb2b.cloudfront.net/ProjectImages/478-sattva-songbird-budigere-cross/views-3DRender-0.webp,Apartment,14,Sattva Group,12.0,62,Sattva Songbird Budigere Cross Bengaluru Views,13.049148224106592,77.74833982080948,11.06,A,1,0,0,0,0,110,10516
255,DNR Parklink,7405816,7405816,['1BHK'],700,700,Hennur,2027-12-30T13:00:00.000Z,3.21,A,available,Bengaluru,dnr-parklink-hennur,https://d1zk2x7mtoyb2b.cloudfront.net/ProjectImages/255-dnr-parklink-hennur/views-2.webp,Apartment,32,DNR Group,8.9,16,DNR Parklink Hennur Bengaluru Views,13.080196380615234,77.6542739868164,7.28,B,1,1,0,1,0,88,10610
400,Casagrand Vivacity,9186121,9562951,['2BHK'],1292,1345,Electronic City,2029-04-03T13:00:00.000Z,3.21,A,available,Bengaluru,casagrand-vivacity-electronic-city,https://d1zk2x7mtoyb2b.cloudfront.net/ProjectImages/400-casagrand-vivacity-electronic-city/views-2.webp,Apartment,20,Casagrand Builder Private Limited,10.52,80,Casagrand Vivacity Electronic City Bengaluru Views,12.85161018371582,77.69327545166016,4.18,B,1,1,1,0,0,68,9654
499,Livingtree By Kalyani Developers,5081553,9250357,"['1BHK', '2BHK']",579,1054,Bagalur,2029-09-14T18:30:00.000Z,3.14,A,available,Bengaluru,livingtree-by-kalyani-developers-bagalur,https://d1zk2x7mtoyb2b.cloudfront.net/ProjectImages/499-livingtree-by-kalyani-developers-bagalur/views-3DRender-6.webp,Apartment,202,Kalyani Developers,25.0,18,Livingtree By Kalyani Developers Bagalur Bengaluru Views,13.14207796745474,77.67745129586544,7.41,B,1,0,0,1,1,109,9166
558,Assetz The Secret Lake,7200001,9000001,['Square'],1200,1500,IVC Road,2030-03-30T18:30:00.000Z,3.13,A,available,Bengaluru,assetz-the-secret-lake-ivc-road,https://d1zk2x7mtoyb2b.cloudfront.net/ProjectImages/558-assetz-the-secret-lake-ivc-road/views-3DRender-0.webp,Plot,15,Assetz Property,44.0,22,Assetz The Secret Lake IVC Road Bengaluru Views,13.2259,77.575,14.47,G,1,0,0,1,0,16,6911
411,SNN Felicity,8960000,9152000,['1.5BHK'],700,715,Jakkur,2028-12-30T13:00:00.000Z,3.0,A,available,Bengaluru,snn-felicity-jakkur,https://d1zk2x7mtoyb2b.cloudfront.net/ProjectImages/411-snn-felicity-jakkur/views-2.webp,Apartment,175,SNN Estates,6.5,14,SNN Felicity Jakkur Bengaluru Views,13.066811561584473,77.6230239868164,4.26,B,1,0,0,1,0,89,11436
160,Mana Capitol,9274103,9314425,['1BHK'],690,693,Sarjapur Road,2027-03-29T13:00:00.000Z,2.93,A,soldOut,Bengaluru,mana-capitol-sarjapur-road,https://d1zk2x7mtoyb2b.cloudfront.net/ProjectImages/160-mana-capitol-sarjapur-road/views-2.webp,Apartment,107,Mana Projects,7.05,68,Mana Capitol Sarjapur Road Bengaluru Views,12.90334701538086,77.70399475097656,0.33,B,0,1,0,0,0,82,11384
523,Prestige Suncrest,7627021,7973076,['1BHK'],661,691,Electronic City,2028-09-29T18:30:00.000Z,2.93,A,soldOut,Bengaluru,prestige-suncrest-electronic-city,https://d1zk2x7mtoyb2b.cloudfront.net/ProjectImages/523-prestige-suncrest-electronic-city/views-3DRender-0.webp,Apartment,2,Prestige Constructions,5.87,80,Prestige Suncrest Electronic City Bengaluru Views,12.817281,77.6639568,3.12,G,1,0,0,0,0,74,9654
138,Arvind Greatlands,9000000,9000000,['Square'],1200,1200,Devanahalli,2026-12-30T13:00:00.000Z,2.88,A,available,Bengaluru,arvind-greatlands-devanahalli,https://d1zk2x7mtoyb2b.cloudfront.net/ProjectImages/138-arvind-greatlands-devanahalli/views-2.webp,Plot,46,Arvind Smartspaces,24.72,17,Arvind Greatlands Devanahalli Bengaluru Views,13.256491661071776,77.61688995361328,13.66,A,0,0,0,0,0,16,6822
284,Nikoo Homes V,5760000,9768000,"['1BHK', 'Studio']",480,814,Thanisandra Road,2029-08-13T13:00:00.000Z,2.71,A,available,Bengaluru,nikoo-homes-v-thanisandra-road,https://d1zk2x7mtoyb2b.cloudfront.net/ProjectImages/284-nikoo-homes-v-thanisandra-road/views-2.webp,Apartment,23,Bhartiya City Developers,4.0,13,Nikoo Homes V Thanisandra Road Bengaluru Views,13.079333305358888,77.64209747314453,6.3,B,1,1,0,1,0,142,11033
539,Meda East Winds,6721683,6721683,['1BHK'],647,647,Panathur,2028-12-29T18:30:00.000Z,2.64,A,available,Bengaluru,meda-east-winds-panathur,https://d1zk2x7mtoyb2b.cloudfront.net/ProjectImages/539-meda-east-winds-panathur/views-amenities-6.webp,Apartment,73,Meda Group,8.36,39,Meda East Winds Panathur Bengaluru Views,12.9362425,77.7110534,3.57,D,1,0,0,1,0,65,11971
189,Address Makers - Southend,9472500,9472500,['Square'],1500,1500,Devanahalli,2024-09-29T13:00:00.000Z,2.63,A,available,Bengaluru,address-makers-southend-devanahalli,https://d1zk2x7mtoyb2b.cloudfront.net/ProjectImages/189-address-makers-southend-devanahalli/views-2.webp,Plot,131,Address Makers,9.14,17,Address Makers - Southend Devanahalli Bengaluru Views,13.2076997756958,77.65962219238281,5.48,B,0,1,0,0,0,11,6822
477,Brigade Citrine,8314844,8314844,['1BHK'],689,689,Old Madras Road,2029-06-28T18:30:00.000Z,2.5,A,available,Bengaluru,brigade-citrine-old-madras-road,https://d1zk2x7mtoyb2b.cloudfront.net/ProjectImages/477-brigade-citrine-hoskote/views-amenities-0.webp,Apartment,10,Brigade Group,4.56,61,Brigade Citrine Old Madras Road Bengaluru Views,13.0529768,77.7601313,9.07,G,1,0,0,0,0,92,10268
396,Shriram Solitaire,7759999,9603109,"['2.5BHK', '2BHK']",1045,1305,Yelahanka,2025-05-14T13:00:00.000Z,2.36,A,soldOut,Bengaluru,shriram-solitaire-yelahanka,https://d1zk2x7mtoyb2b.cloudfront.net/ProjectImages/396-shriram-solitaire-yelahanka/views-2.webp,Apartment,9,Shriram Properties,3.0,11,Shriram Solitaire Yelahanka Bengaluru Views,13.104500770568848,77.55621337890625,6.51,B,0,0,0,0,0,88,10894
265,Rohan Ekanta,9469223,9469223,['1.5BHK'],734,734,Gunjur,2028-12-30T13:00:00.000Z,2.21,A,available,Bengaluru,rohan-ekanta-gunjur,https://d1zk2x7mtoyb2b.cloudfront.net/ProjectImages/265-rohan-ekanta-gunjur/views-2.webp,Apartment,24,Rohan Developers,6.59,58,Rohan Ekanta Gunjur Bengaluru Views,12.92721176147461,77.72486114501953,6.04,B,1,1,0,0,0,107,11971
576,MJR North Park,8807603,9022423,['2BHK'],1066,1092,Bagalur,2028-12-30T18:30:00.000Z,2.21,A,available,Bengaluru,mjr-north-park-bagalur,https://d1zk2x7mtoyb2b.cloudfront.net/ProjectImages/576-mjr-north-park-bagalur/views-entrance-0.webp,Apartment,160,MJR Builders,2.5,18,MJR North Park Bagalur Bengaluru Views,13.146281,77.678788,8.95,D,0,0,0,0,0,142,9166
629,Green Groves,8466284,8466284,['Square'],1200,1200,Nelamangala,2026-09-16T18:30:00.000Z,4.5,Z,available,Bengaluru,green-groves-nelamangala,https://d1zk2x7mtoyb2b.cloudfront.net/ProjectImages/629-green-groves-nelamangala/views-amenities-0.png,Plot,14,Sattva Group,45.0,118,Green Groves Nelamangala Bengaluru Views,13.116098903895464,77.38037313147338,16.25,A,0,0,0,1,0,16,4943
611,Whispers Of The Wind,9600000,9600000,['Square'],1200,1200,Nandi Hills,2029-12-30T18:30:00.000Z,4.38,Z,available,Bengaluru,whispers-of-the-wind-nandi-hills,https://d1zk2x7mtoyb2b.cloudfront.net/ProjectImages/611-whispers-of-the-wind-nandi-hills/views-3DRender-1.png,Plot,93,Divyasree Developers,36.0,21,Whispers Of The Wind Nandi Hills Bengaluru Views,13.34714122844642,77.66566236622815,24.84,B,1,1,0,0,0,6,6807
192,The Green Valley Address,6411600,8548800,['Square'],2340,3120,Kengeri,2022-10-06T13:00:00.000Z,4.13,Z,soldOut,Bengaluru,the-green-valley-address-kengeri,https://d1zk2x7mtoyb2b.cloudfront.net/ProjectImages/192-the-green-valley-address-kengeri/views-2.webp,Plot,131,Address Makers,40.0,90,The Green Valley Address Kengeri Bengaluru Views,12.892012596130373,77.47398376464844,2.91,B,0,0,0,1,0,10,5118
132,Adarsh Savana Phase 1,6700000,8250000,['Square'],1200,1500,Yelahanka,2023-10-30T13:00:00.000Z,4.0,Z,soldOut,Bengaluru,adarsh-savana-phase-1-yelahanka,https://d1zk2x7mtoyb2b.cloudfront.net/ProjectImages/132-adarsh-savana-phase-1-yelahanka/views-2.webp,Plot,8,Adarsh Developers,143.0,11,Adarsh Savana Phase 1 Yelahanka Bengaluru Views,13.208821296691896,77.60375213623047,8.11,A,1,0,0,1,0,12,9472
190,The Imperial Address ,5151000,6352000,['Square'],1200,1500,Anekal,2024-12-30T13:00:00.000Z,4.0,Z,available,Bengaluru,the-imperial-address-anekal,https://d1zk2x7mtoyb2b.cloudfront.net/ProjectImages/190-the-imperial-address-anekal/views-2.webp,Plot,131,Address Makers,36.0,91,The Imperial Address  Anekal Bengaluru Views,12.74098300933838,77.7088623046875,7.47,B,0,0,0,0,0,14,5217
367,Brigade Oasis - Phase 3,8040000,8040000,['Square'],1200,1200,Devanahalli,2025-06-29T13:00:00.000Z,3.88,Z,soldOut,Bengaluru,brigade-oasis-phase-3-devanahalli,https://d1zk2x7mtoyb2b.cloudfront.net/ProjectImages/367-brigade-oasis-phase-3-devanahalli/views-2.webp,Plot,10,Brigade Group,70.0,17,Brigade Oasis - Phase 3 Devanahalli Bengaluru Views,13.268251419067385,77.66781616210938,13.39,G,1,1,0,0,0,14,6822
242,Prestige Park Grove,8554000,8762000,['1BHK'],658,674,Sai Baba Ashram Road,2027-12-30T13:00:00.000Z,3.86,Z,soldOut,Bengaluru,prestige-park-grove-sai-baba-ashram-road,https://d1zk2x7mtoyb2b.cloudfront.net/ProjectImages/242-prestige-park-grove-sai-baba-ashram-road/views-2.webp,Apartment,2,Prestige Constructions,71.5,38,Prestige Park Grove Sai Baba Ashram Road Bengaluru Views,13.019536972045898,77.75736999511719,3.19,G,1,0,0,1,0,52,14263
145,Cielo at Brigade Valencia,5947900,9804900,"['1BHK', '2BHK']",586,966,Electronic City,2027-12-30T13:00:00.000Z,3.79,Z,soldOut,Bengaluru,cielo-at-brigade-valencia-electronic-city,https://d1zk2x7mtoyb2b.cloudfront.net/ProjectImages/145-cielo-at-brigade-valencia-electronic-city/views-2.webp,Apartment,10,Brigade Group,24.56,80,Cielo at Brigade Valencia Electronic City Bengaluru Views,12.805368423461914,77.69965362548828,0.92,G,1,1,0,0,0,27,9654
253,Purva Tivoli hills,9850000,9850000,['Square'],1200,1200,Devanahalli,2026-06-29T13:00:00.000Z,3.75,Z,available,Bengaluru,purva-tivoli-hills-devanahalli,https://d1zk2x7mtoyb2b.cloudfront.net/ProjectImages/253-purva-tivoli-hills-devanahalli/views-2.webp,Plot,16,Purvankara Limited,61.64,17,Purva Tivoli hills Devanahalli Bengaluru Views,13.260526657104492,77.70849609375,8.69,G,1,1,0,0,0,14,6822
310,Mahindra Eden,5400000,5400000,['1BHK'],600,600,Kanakapura Road,2027-07-29T13:00:00.000Z,3.71,Z,soldOut,Bengaluru,mahindra-eden-kanakapura-road,https://d1zk2x7mtoyb2b.cloudfront.net/ProjectImages/310-mahindra-eden-kanakapura-road/views-2.webp,Apartment,162,Mahindra Lifespaces,7.73,83,Mahindra Eden Kanakapura Road Bengaluru Views,12.869000434875488,77.54309844970703,1.57,A,1,1,0,0,0,68,12276
317,Parkwest 2.0,9778200,9778200,['1BHK'],758,758,Binnypet,2026-12-30T13:00:00.000Z,3.71,Z,available,Bengaluru,parkwest-20-binnypet,https://d1zk2x7mtoyb2b.cloudfront.net/ProjectImages/317-parkwest-20-binnypet/views-2.webp,Apartment,165,Shapoorji Pallonji Group,52.8,7,Parkwest 2.0 Binnypet Bengaluru Views,12.96621799468994,77.56047058105469,2.88,A,1,1,0,1,0,46,13538
47,Mantri Manyata Energia,8032000,8032000,['2.5BHK'],1255,1255,Thanisandra Road,2023-02-27T13:00:00.000Z,3.64,Z,soldOut,Bengaluru,mantri-manyata-energia-thanisandra-road,https://d1zk2x7mtoyb2b.cloudfront.net/ProjectImages/47-mantri-manyata-energia-thanisandra-road/views-2.webp,Apartment,11,Mantri Developers,11.4,13,Mantri Manyata Energia Thanisandra Road Bengaluru Views,13.058277130126951,77.6220474243164,3.23,D,0,0,1,0,0,39,11033
71,Salarpuria sattva park cubix,7442386,7442386,['2BHK'],911,911,Devanahalli,2022-12-29T13:00:00.000Z,3.64,Z,soldOut,Bengaluru,salarpuria-sattva-park-cubix-devanahalli,https://d1zk2x7mtoyb2b.cloudfront.net/ProjectImages/71-salarpuria-sattva-park-cubix-devanahalli/views-2.webp,Apartment,14,Sattva Group,18.45,17,Salarpuria sattva park cubix Devanahalli Bengaluru Views,13.242047309875488,77.72095489501953,8.19,A,0,1,0,1,0,88,9452
498,Embassy Verde,5560940,9829050,"['1BHK', '2.5BHK', '2BHK']",628,1110,Devanahalli,2030-12-30T18:30:00.000Z,3.57,Z,available,Bengaluru,embassy-verde-devanahalli,https://d1zk2x7mtoyb2b.cloudfront.net/ProjectImages/498-embassy-verde-devanahalli/views-amenities-0.webp,Apartment,21,Embassy Group,9.53,17,Embassy Verde Devanahalli Bengaluru Views,13.206154,77.614342,7.54,A,1,0,0,1,0,110,9452
581,Brigade Lakecrest,6000000,9600000,"['1BHK', 'Studio']",482,814,Krishnarajapuram,2030-03-30T18:30:00.000Z,3.57,Z,available,Bengaluru,brigade-lakecrest-krishnarajapuram,https://d1zk2x7mtoyb2b.cloudfront.net/ProjectImages/581-brigade-lakecrest-krishnarajapuram/views-3DRender-0.webp,Apartment,10,Brigade Group,5.3,32,Brigade Lakecrest Krishnarajapuram Bengaluru Views,13.023582685164843,77.716383934021,5.87,G,1,0,0,0,0,114,10498
182,Purva Land Tivoli Hills Phase 1,7680000,9600000,['Square'],1200,1500,Devanahalli,2026-06-29T13:00:00.000Z,3.5,Z,available,Bengaluru,purva-land-tivoli-hills-phase-1-devanahalli,https://d1zk2x7mtoyb2b.cloudfront.net/ProjectImages/182-purva-land-tivoli-hills-phase-1-devanahalli/views-2.webp,Plot,16,Purvankara Limited,60.0,17,Purva Land Tivoli Hills Phase 1 Devanahalli Bengaluru Views,13.258258819580078,77.7085189819336,8.66,G,1,0,1,0,0,14,6822
227,Sattva Misty Charm,5840600,6423600,['1BHK'],551,606,Kanakapura Road,2023-10-30T13:00:00.000Z,3.5,Z,soldOut,Bengaluru,sattva-misty-charm-kanakapura-road,https://d1zk2x7mtoyb2b.cloudfront.net/ProjectImages/227-sattva-misty-charm-kanakapura-road/views-2.webp,Apartment,14,Sattva Group,10.0,83,Sattva Misty Charm Kanakapura Road Bengaluru Views,12.8641996383667,77.54317474365234,2.13,A,0,0,0,1,0,80,12276
356,Nikoo Homes VI,6060172,9425501,"['1BHK', 'Studio']",470,731,Kogilu,2029-01-30T13:00:00.000Z,3.5,Z,soldOut,Bengaluru,nikoo-homes-vi-kogilu,https://d1zk2x7mtoyb2b.cloudfront.net/ProjectImages/356-nikoo-homes-vi-kogilu/views-2.webp,Apartment,23,Bhartiya City Developers,8.0,15,Nikoo Homes VI Kogilu Bengaluru Views,13.104792594909668,77.60908508300781,1.42,B,0,1,0,0,0,46,10983
569,Lagos by Bricks and Milestones,7432897,9291121,['Square'],1200,1500,Devanahalli,2027-12-30T18:30:00.000Z,3.5,Z,available,Bengaluru,lagos-by-bricks-and-milestones-devanahalli,https://d1zk2x7mtoyb2b.cloudfront.net/ProjectImages/569-lagos-by-bricks-and-milestones-devanahalli/views-3DRender-0.webp,Plot,92,Bricks and Milestones,25.0,17,Lagos by Bricks and Milestones Devanahalli Bengaluru Views,13.299556,77.566031,27.37,C,1,0,0,0,0,12,6822
618,Sammy's Palm Hills,8400000,8400000,['Square'],1200,1200,Nandi Hills,2022-12-29T18:30:00.000Z,3.5,Z,available,Bengaluru,sammys-palm-hills-nandi-hills,https://d1zk2x7mtoyb2b.cloudfront.net/ProjectImages/618-sammys-palm-hills-nandi-hills/views-3DRender-0.png,Plot,147,Sammy,31.6,21,Sammy's Palm Hills Nandi Hills Bengaluru Views,13.353322,77.721015,22.96,C,0,0,0,0,0,14,6807
648,Arvind The Park,9600000,9600000,['Square'],1200,1200,Devanahalli,2029-12-30T18:30:00.000Z,3.5,Z,available,Bengaluru,arvind-the-park-devanahalli,https://d1zk2x7mtoyb2b.cloudfront.net/ProjectImages/648-arvind-the-park-devanahalli/views-3DRender-0.png,Plot,46,Arvind Smartspaces,22.46,17,Arvind The Park Devanahalli Bengaluru Views,13.254691,77.604248,15.16,A,1,0,0,1,0,15,6822
28,"Embassy Springs - Phase 2A, Apartments",8274850,8842650,['2BHK'],991,1059,Devanahalli,2023-11-27T13:00:00.000Z,3.43,Z,soldOut,Bengaluru,embassy-springs-phase-2a-apartments-devanahalli,https://d1zk2x7mtoyb2b.cloudfront.net/ProjectImages/28-embassy-springs-phase-2a-apartments-devanahalli/views-2.webp,Apartment,21,Embassy Group,288.0,17,"Embassy Springs - Phase 2A, Apartments Devanahalli Bengaluru Views",13.208698272705078,77.61673736572266,8.57,A,0,1,0,0,0,11,9452
604,Casagrand Estancia,8512000,8512000,['1BHK'],950,950,Kogilu,2030-10-18T18:30:00.000Z,3.43,Z,available,Bengaluru,casagrand-estancia-kogilu,https://d1zk2x7mtoyb2b.cloudfront.net/ProjectImages/604-casagrand-estancia-kogilu/views-3DRender-0.png,Apartment,20,Casagrand Builder Private Limited,7.32,15,Casagrand Estancia Kogilu Bengaluru Views,13.109667,77.62648,3.69,B,1,0,0,1,0,59,10983
689,Brigade Belvedere Phase 1,9500000,9500000,['1BHK'],715,715,Budigere Cross,2031-03-31T00:00:00.000Z,3.43,Z,available,Bengaluru,brigade-belvedere-phase-1,https://d1zk2x7mtoyb2b.cloudfront.net/ProjectImages/689-brigade-belvedere-phase-1/amenities-1.jpg,Apartment,10,Brigade Group,10.75,62,Brigade Belvedere Phase 1 Budigere Cross Bengaluru Views,13.0488,77.7486,11.38,G,1,1,0,0,0,72,10516
137,Address makers The Classic Bulwark Village,7200000,7200000,['Square'],1200,1200,Devanahalli,2022-01-19T13:00:00.000Z,3.38,Z,available,Bengaluru,address-makers-the-classic-bulwark-village-devanahalli,https://d1zk2x7mtoyb2b.cloudfront.net/ProjectImages/137-address-makers-the-classic-bulwark-village-devanahalli/views-2.webp,Plot,8,Adarsh Developers,25.0,17,Address makers The Classic Bulwark Village Devanahalli Bengaluru Views,13.229939460754396,77.71772766113281,9.08,A,0,1,0,0,0,12,6822
261,Orchid Nirvana 3.0,6960000,8700000,['Square'],1200,1500,Devanahalli,2027-03-30T13:00:00.000Z,3.38,Z,soldOut,Bengaluru,orchid-nirvana-30-devanahalli,https://d1zk2x7mtoyb2b.cloudfront.net/ProjectImages/261-orchid-nirvana-30-devanahalli/views-2.webp,Plot,53,Goyal & Co | Hariyana Group,38.41,17,Orchid Nirvana 3.0 Devanahalli Bengaluru Views,13.235735893249512,77.70092010498047,6.29,B,1,1,0,0,0,18,6822
282,Soahan Serenity,6629864,8272000,['Square'],1200,1500,Hoskote,2025-12-30T13:00:00.000Z,3.38,Z,available,Bengaluru,soahan-serenity-hoskote,https://d1zk2x7mtoyb2b.cloudfront.net/ProjectImages/282-soahan-serenity-hoskote/views-2.webp,Plot,154,Space Properties,30.04,59,Soahan Serenity Hoskote Bengaluru Views,13.001033782958984,77.795166015625,7.97,D,1,0,0,0,0,15,8567
51,Nikoo Homes II East,6572000,9487000,['1BHK'],620,895,Thanisandra Road,2021-12-29T13:00:00.000Z,3.36,Z,soldOut,Bengaluru,nikoo-homes-ii-east-thanisandra-road,https://d1zk2x7mtoyb2b.cloudfront.net/ProjectImages/51-nikoo-homes-ii-east-thanisandra-road/views-2.webp,Apartment,23,Bhartiya City Developers,34.275,13,Nikoo Homes II East Thanisandra Road Bengaluru Views,13.08159065246582,77.64036560058594,6.15,B,0,1,1,0,0,70,11033
52,Prestige Finsbury Park - Hyde,6266200,9476900,"['1BHK', '2BHK']",646,977,Bagalur,2024-03-29T18:30:00.000Z,3.36,Z,available,Bengaluru,prestige-finsbury-park-hyde-bagalur,https://d1zk2x7mtoyb2b.cloudfront.net/ProjectImages/52-prestige-finsbury-park-hyde-bagalur/views-2.webp,Apartment,2,Prestige Constructions,25.0,18,Prestige Finsbury Park - Hyde Bagalur Bengaluru Views,13.142901420593262,77.68456268310547,9.48,G,0,0,1,1,0,58,9166
157,DSR Parkway,7337000,7337000,['1BHK'],667,667,Sarjapur Road,2025-10-29T13:00:00.000Z,3.36,Z,available,Bengaluru,dsr-parkway-sarjapur-road,https://d1zk2x7mtoyb2b.cloudfront.net/ProjectImages/157-dsr-parkway-sarjapur-road/views-2.webp,Apartment,40,DSR Infrastructure Private Limited,10.65,68,DSR Parkway Sarjapur Road Bengaluru Views,12.913310050964355,77.71019744873047,2.74,B,1,1,0,0,0,68,11384
344,Dioro Beryl At Brigade El Dorado,9141748,9999980,"['2BHK', '3BHK']",938,1026,Bagalur,2028-06-29T13:00:00.000Z,3.36,Z,soldOut,Bengaluru,dioro-beryl-at-brigade-el-dorado-bagalur,https://d1zk2x7mtoyb2b.cloudfront.net/ProjectImages/344-dioro-beryl-at-brigade-el-dorado-bagalur/views-2.webp,Apartment,10,Brigade Group,50.0,18,Dioro Beryl At Brigade El Dorado Bagalur Bengaluru Views,13.14430332183838,77.68444061279297,8.47,G,1,0,1,1,0,27,9166
575,Trifecta Vanto Phase-1,7537018,7537018,['1BHK'],715,715,Kodathi,2027-08-30T18:30:00.000Z,3.36,Z,available,Bengaluru,trifectavantophase-1-kodathi,https://d1zk2x7mtoyb2b.cloudfront.net/ProjectImages/575-trifectavantophase-1-kodathi/views-3DRender-0.webp,Apartment,227,Trifecta Projects Private Limited,12.5,67,Trifecta Vanto Phase-1 Kodathi Bengaluru Views,12.880757277999384,77.71537779886503,3.0,C,1,1,0,1,0,82,11756
588,Bhartiya Garden Estate Phase-1,6700000,9400000,"['1BHK', 'Studio']",559,793,Yelahanka,2030-08-30T18:30:00.000Z,3.36,Z,available,Bengaluru,bhartiya-garden-estate-phase-1-yelahanka,https://propsoch-bucket.s3.ap-south-1.amazonaws.com/ProjectImages/588-bhartiya-garden-estate-phase-1-yelahanka/views-3DRender-2.jpg,Apartment,23,Bhartiya City Developers,14.0,11,Bhartiya Garden Estate Phase-1 Yelahanka Bengaluru Views,13.198898468414535,77.64040231704712,3.05,B,0,0,0,1,0,54,10894
624,Sbr Global Queens Ville,9314986,9314986,['2BHK'],1039,1039,Mysore Road,2029-12-30T18:30:00.000Z,3.36,Z,available,Bengaluru,sbr-global-queens-ville-mysore-road,https://d1zk2x7mtoyb2b.cloudfront.net/ProjectImages/624-sbr-global-queens-ville-mysore-road/views-3DRender-0.jpeg,Apartment,137,SBR Infra Buildtech,8.1,98,Sbr Global Queens Ville Mysore Road Bengaluru Views,12.888396448781055,77.44287866472388,5.71,C,1,0,0,1,0,54,15412
85,Provident Equinox Phase 1,7770000,9530000,"['2BHK', '3BHK']",883,1082,Mysore Road,2022-03-30T13:00:00.000Z,3.29,Z,soldOut,Bengaluru,provident-equinox-phase-1-kumbalgodu,https://d1zk2x7mtoyb2b.cloudfront.net/ProjectImages/85-provident-equinox-phase-1-kumbalgodu/views-2.webp,Apartment,19,Provident Housing,60.0,98,Provident Equinox Phase 1 Mysore Road Bengaluru Views,12.884922981262209,77.47161865234375,3.38,A,0,0,0,1,0,99,15412
106,GM Global Techies Town Phase 2,7830000,7830000,['2BHK'],900,900,Electronic City,2025-03-08T13:00:00.000Z,3.29,Z,soldOut,Bengaluru,gm-global-techies-town-phase-2-electronic-city,https://d1zk2x7mtoyb2b.cloudfront.net/ProjectImages/106-gm-global-techies-town-phase-2-electronic-city/views-2.webp,Apartment,13,GM Developers,124.0,80,GM Global Techies Town Phase 2 Electronic City Bengaluru Views,12.822068214416504,77.66398620605469,4.47,D,1,0,1,1,0,34,9654
123,Divinity,5900000,7520000,"['1.5BHK', '1BHK']",600,752,Mysore Road,2022-03-29T13:00:00.000Z,3.29,Z,soldOut,Bengaluru,divinity-mysore-road,https://d1zk2x7mtoyb2b.cloudfront.net/ProjectImages/123-divinity-mysore-road/views-2.webp,Apartment,14,Sattva Group,10.88,98,Divinity Mysore Road Bengaluru Views,12.926605224609377,77.64067077636719,8.15,A,1,1,0,1,0,76,15412
298,Mantri Hills,5040000,6300000,['Square'],1200,1500,Nandi Hills,2025-02-27T13:00:00.000Z,3.25,Z,soldOut,Bengaluru,mantri-hills-nandi-hills,https://d1zk2x7mtoyb2b.cloudfront.net/ProjectImages/298-mantri-hills-nandi-hills/views-2.webp,Plot,157,QVC Realty Developers Private Limited,28.5,21,Mantri Hills Nandi Hills Bengaluru Views,13.371966361999512,77.70097351074219,22.55,D,1,1,0,0,0,14,6807
324,MJR Opus,7440000,9300000,['Square'],1200,1500,Sarjapur,2024-08-06T13:00:00.000Z,3.25,Z,soldOut,Bengaluru,mjr-opus-sarjapur,https://d1zk2x7mtoyb2b.cloudfront.net/ProjectImages/324-mjr-opus-sarjapur/views-2.webp,Plot,160,MJR Builders,10.83,72,MJR Opus Sarjapur Bengaluru Views,12.854039192199709,77.81061553955078,3.74,D,0,0,0,0,0,16,9202
337,Felicity,9676000,9676000,['Square'],1200,1200,Sarjapur,2024-05-30T13:00:00.000Z,3.25,Z,soldOut,Bengaluru,felicity-sarjapur,https://d1zk2x7mtoyb2b.cloudfront.net/ProjectImages/337-felicity-sarjapur/views-2.webp,Plot,92,Bricks and Milestones,19.0,72,Felicity Sarjapur Bengaluru Views,12.862778663635254,77.75434875488281,1.97,C,1,0,0,0,0,15,9202
4,Adarsh Greens Phase 1 ,6370000,9849000,"['1BHK', '2BHK']",650,1005,Kogilu,2024-10-30T13:00:00.000Z,3.21,Z,soldOut,Bengaluru,adarsh-greens-phase-1-kogilu,https://d1zk2x7mtoyb2b.cloudfront.net/ProjectImages/4-adarsh-greens-phase-1-kogilu/Views-2.webp,Apartment,8,Adarsh Developers,26.42,15,Adarsh Greens Phase 1  Kogilu Bengaluru Views,13.09681510925293,77.61339569091797,3.0,A,0,1,0,0,0,90,10983
40,Jasper and Iridium at Brigade El Dorado,6313500,8884650,"['1.5BHK', '2BHK', '3BHK']",690,971,Bagalur,2025-09-29T13:00:00.000Z,3.21,Z,soldOut,Bengaluru,jasper-and-iridium-at-brigade-el-dorado-bagalur,https://d1zk2x7mtoyb2b.cloudfront.net/ProjectImages/40-jasper-and-iridium-at-brigade-el-dorado-bagalur/views-2.webp,Apartment,10,Brigade Group,50.0,18,Jasper and Iridium at Brigade El Dorado Bagalur Bengaluru Views,13.145256042480469,77.67828369140625,7.97,G,1,1,1,1,0,66,9166
144,Brigade Calista,7425000,7425000,['1BHK'],675,675,Budigere Cross,2025-12-30T13:00:00.000Z,3.21,Z,soldOut,Bengaluru,brigade-calista-budigere-cross,https://d1zk2x7mtoyb2b.cloudfront.net/ProjectImages/144-brigade-calista-budigere-cross/views-2.webp,Apartment,10,Brigade Group,11.69,62,Brigade Calista Budigere Cross Bengaluru Views,13.062846183776855,77.73967742919922,12.64,G,1,0,0,0,0,84,10516
152,Casagrand Hazen,7416481,10000000,"['2BHK', '3BHK']",999,1347,Bannerghatta Road,2027-07-12T13:00:00.000Z,3.21,Z,soldOut,Bengaluru,casagrand-hazen-gottigere,https://d1zk2x7mtoyb2b.cloudfront.net/ProjectImages/152-casagrand-hazen-gottigere/views-2.webp,Apartment,20,Casagrand Builder Private Limited,8.89,81,Casagrand Hazen Bannerghatta Road Bengaluru Views,12.863990783691406,77.59505462646484,0.53,B,1,1,0,1,0,70,12271
181,Godrej Park Retreat,7176000,7200000,['1BHK'],598,600,Sarjapur Road,2027-02-26T13:00:00.000Z,3.21,Z,soldOut,Bengaluru,godrej-park-retreat-sarjapur-road,https://d1zk2x7mtoyb2b.cloudfront.net/ProjectImages/181-godrej-park-retreat-sarjapur-road/views-2.webp,Apartment,3,Godrej Properties Limited,12.85,68,Godrej Park Retreat Sarjapur Road Bengaluru Views,12.894319534301758,77.70472717285156,1.85,G,1,0,1,1,0,76,11384
639,Belvedere By Ukn Airport District -Phase 2,6759207,6759207,['1BHK'],660,660,Airport Bellari Road,2031-02-27T18:30:00.000Z,3.21,Z,available,Bengaluru,belvedere-by-ukn-airport-district-phase-2-airportbellari-road,https://d1zk2x7mtoyb2b.cloudfront.net/ProjectImages/639-belvedere-by-ukn-airport-district-phase-2-airportbellari-road/views-3DRender-0.jpeg,Apartment,47,UKN Properties Private Limited,9.1,20,Belvedere By Ukn Airport District -Phase 2 Airport Bellari Road Bengaluru Views,13.20379,77.64307,3.86,C,0,0,0,1,0,65,11642
36,Krypton at Brigade El Dorado,6771000,8884650,"['2BHK', '3BHK']",740,971,Bagalur,2024-12-30T13:00:00.000Z,3.14,Z,soldOut,Bengaluru,krypton-at-brigade-el-dorado-bagalur,https://d1zk2x7mtoyb2b.cloudfront.net/ProjectImages/36-krypton-at-brigade-el-dorado-bagalur/views-2.webp,Apartment,10,Brigade Group,50.0,18,Krypton at Brigade El Dorado Bagalur Bengaluru Views,13.14573574066162,77.68009948730469,7.84,G,0,1,0,1,0,66,9166
55,Nikoo Homes II West,6572000,9487000,['1BHK'],620,895,Thanisandra Road,2023-03-29T13:00:00.000Z,3.14,Z,soldOut,Bengaluru,nikoo-homes-ii-west-thanisandra-road,https://d1zk2x7mtoyb2b.cloudfront.net/ProjectImages/55-nikoo-homes-ii-west-thanisandra-road/views-2.webp,Apartment,23,Bhartiya City Developers,34.7,13,Nikoo Homes II West Thanisandra Road Bengaluru Views,13.452910423278809,77.38249969482422,56.77,B,0,1,1,0,0,70,11033
59,Prestige Willow Tree,8725200,8725200,['1BHK'],661,661,Yelahanka,2023-03-29T13:00:00.000Z,3.14,Z,soldOut,Bengaluru,prestige-willow-tree-vidyaranyapura,https://d1zk2x7mtoyb2b.cloudfront.net/ProjectImages/59-prestige-willow-tree-vidyaranyapura/views-2.webp,Apartment,2,Prestige Constructions,6.7,11,Prestige Willow Tree Yelahanka Bengaluru Views,13.075689315795898,77.55977630615234,4.71,G,0,0,0,1,0,67,10894
149,Casagrand Meridian,9625000,9625000,['2BHK'],1305,1305,Krishnarajapuram,2025-11-24T13:00:00.000Z,3.14,Z,soldOut,Bengaluru,casagrand-meridian-krishnarajapuram,https://d1zk2x7mtoyb2b.cloudfront.net/ProjectImages/149-casagrand-meridian-krishnarajapuram/views-2.webp,Apartment,20,Casagrand Builder Private Limited,3.35,32,Casagrand Meridian Krishnarajapuram Bengaluru Views,13.019280433654783,77.70388793945312,5.67,B,1,0,0,0,0,64,10498
156,DSR Highland Greenz,7608909,9187228,"['1.5BHK', '1BHK']",646,780,Sarjapur Road,2026-03-29T13:00:00.000Z,3.14,Z,available,Bengaluru,dsr-highland-greenz-sarjapur-road,https://d1zk2x7mtoyb2b.cloudfront.net/ProjectImages/156-dsr-highland-greenz-sarjapur-road/views-2.webp,Apartment,40,DSR Infrastructure Private Limited,10.1,68,DSR Highland Greenz Sarjapur Road Bengaluru Views,12.896042823791504,77.69441986083984,2.0,B,1,1,0,0,0,89,11384
196,Gokul Vatika Address,7800000,9750000,['Square'],1200,1500,Electronic City,2023-08-30T13:00:00.000Z,3.13,Z,soldOut,Bengaluru,gokul-vatika-address-electronic-city,https://d1zk2x7mtoyb2b.cloudfront.net/ProjectImages/196-gokul-vatika-address-electronic-city/views-2.webp,Plot,131,Address Makers,8.925,80,Gokul Vatika Address Electronic City Bengaluru Views,12.860404014587402,77.64787292480469,1.42,B,1,0,0,0,0,14,7148
300,NBR Hill view,6000000,7500000,['Square'],1200,1500,Nandi Hills,2022-09-29T13:00:00.000Z,3.13,Z,soldOut,Bengaluru,nbr-hill-view-nandi-hills,https://d1zk2x7mtoyb2b.cloudfront.net/ProjectImages/300-nbr-hill-view-nandi-hills/views-2.webp,Plot,158,NBR Group,25.0,21,NBR Hill view Nandi Hills Bengaluru Views,13.39406394958496,77.69364929199219,26.04,D,1,1,0,0,0,14,6807
484,Sattva Bhumi,7296932,9052628,['Square'],1200,1500,Devanahalli,2026-12-29T18:30:00.000Z,3.13,Z,soldOut,Bengaluru,sattva-bhumi-devanahalli,https://d1zk2x7mtoyb2b.cloudfront.net/ProjectImages/484-sattva-bhumi-devanahalli/views-landscape-0.webp,Plot,14,Sattva Group,19.0,17,Sattva Bhumi Devanahalli Bengaluru Views,13.289187320632015,77.77679409276955,16.25,A,0,0,0,0,0,18,6822
633,Earth Aroma,8640000,8640000,['Square'],1200,1200,Devanahalli,2024-12-30T18:30:00.000Z,3.13,Z,available,Bengaluru,earth-aroma-devanahalli,https://d1zk2x7mtoyb2b.cloudfront.net/ProjectImages/633-earth-aroma-devanahalli/views-aerialView-0.png,Plot,242,Parisara Builders and Developers,20.0,17,Earth Aroma Devanahalli Bengaluru Views,13.225609,77.597906,11.93,C,1,0,0,0,0,10,6822
58,Mahaveer Celesse,9166419,9526500,['2BHK'],1171,1217,Yelahanka,2022-03-29T13:00:00.000Z,3.07,Z,soldOut,Bengaluru,mahaveer-celesse-yelahanka,https://d1zk2x7mtoyb2b.cloudfront.net/ProjectImages/58-mahaveer-celesse-yelahanka/views-2.webp,Apartment,12,Mahaveer Group,5.2,11,Mahaveer Celesse Yelahanka Bengaluru Views,13.150760650634766,77.61798858642578,3.76,D,0,1,0,0,0,105,10894
287,ELV Akruthi Ark - Apartments,5500000,8590000,"['2BHK', '3BHK']",1255,2010,Anekal,2022-06-30T13:00:00.000Z,3.07,Z,available,Bengaluru,elv-akruthi-ark-apartments-anekal,https://d1zk2x7mtoyb2b.cloudfront.net/ProjectImages/287-elv-akruthi-ark-apartments-anekal/views-2.webp,Apartment,118,ELV Constructions,4.52,91,ELV Akruthi Ark - Apartments Anekal Bengaluru Views,12.81941032409668,77.7829818725586,5.17,D,1,1,0,0,0,27,8941
561,SNN Raj High Gardens,5974449,9647629,"['1.5BHK', '1BHK', '2.5BHK', '2BHK']",675,1090,Attibele,2028-04-29T18:30:00.000Z,3.07,Z,available,Bengaluru,raj-high-gardens-attibele,https://d1zk2x7mtoyb2b.cloudfront.net/ProjectImages/561-raj-high-gardens-attibele/views-3DRender-0.webp,Apartment,106,SNN Builders,9.0,94,SNN Raj High Gardens Attibele Bengaluru Views,12.790637,77.734046,11.55,B,0,0,0,1,0,89,8274
3,Ajmera Florenza,9550000,9550000,['2BHK'],1165,1165,Yelahanka,2025-09-29T13:00:00.000Z,3.0,Z,soldOut,Bengaluru,ajmera-florenza-yelahanka,https://d1zk2x7mtoyb2b.cloudfront.net/ProjectImages/3-ajmera-florenza-yelahanka/Views-2.webp,Apartment,30,Ajmera Realty & Infra Limited,10.2,11,Ajmera Florenza Yelahanka Bengaluru Views,13.109698295593262,77.55984497070312,6.86,C,0,1,0,0,0,89,10894
6,Adarsh Greens Phase 2 ,6760650,6760650,['1BHK'],650,650,Kogilu,2025-05-30T13:00:00.000Z,3.0,Z,soldOut,Bengaluru,adarsh-greens-phase-2-kogilu,https://d1zk2x7mtoyb2b.cloudfront.net/ProjectImages/6-adarsh-greens-phase-2-kogilu/views-2.webp,Apartment,8,Adarsh Developers,26.42,15,Adarsh Greens Phase 2  Kogilu Bengaluru Views,13.09584140777588,77.61335754394531,3.45,A,0,0,0,0,0,90,10983
30,Gallium at Brigade El Dorado,7826775,7866155,['2BHK'],795,799,Bagalur,2024-09-29T13:00:00.000Z,3.0,Z,soldOut,Bengaluru,gallium-at-brigade-el-dorado-bagalur,https://d1zk2x7mtoyb2b.cloudfront.net/ProjectImages/30-gallium-at-brigade-el-dorado-bagalur/views-2.webp,Apartment,10,Brigade Group,50.0,18,Gallium at Brigade El Dorado Bagalur Bengaluru Views,13.143986701965332,77.6792984008789,8.25,G,0,0,0,1,0,66,9166
34,Helio at Brigade El Dorado,7314000,9825600,"['2BHK', '3BHK']",795,1068,Bagalur,2024-09-29T13:00:00.000Z,3.0,Z,soldOut,Bengaluru,helio-at-brigade-el-dorado-bagalur,https://d1zk2x7mtoyb2b.cloudfront.net/ProjectImages/34-helio-at-brigade-el-dorado-bagalur/views-2.webp,Apartment,10,Brigade Group,50.0,18,Helio at Brigade El Dorado Bagalur Bengaluru Views,13.144253730773926,77.67830657958984,8.1,G,0,0,0,0,0,66,9166
134,Concorde Auriga,7497000,9873000,['2BHK'],833,1097,Old Madras Road,2025-06-29T13:00:00.000Z,3.0,Z,soldOut,Bengaluru,concorde-auriga-krishnarajapuram,https://d1zk2x7mtoyb2b.cloudfront.net/ProjectImages/134-concorde-auriga-krishnarajapuram/views-2.webp,Apartment,31,Concorde Group,4.2,61,Concorde Auriga Old Madras Road Bengaluru Views,13.029952049255373,77.72427368164062,9.98,C,0,1,0,0,0,119,10268
180,Sumadhura Eden Garden,8382000,8509000,['1BHK'],660,670,Whitefield,2021-06-29T13:00:00.000Z,3.0,Z,soldOut,Bengaluru,sumadhura-eden-garden-whitefield,https://d1zk2x7mtoyb2b.cloudfront.net/ProjectImages/180-sumadhura-eden-garden-whitefield/views-2.webp,Apartment,5,Sumadhura Builders,14.1,31,Sumadhura Eden Garden Whitefield Bengaluru Views,13.028704643249512,77.75060272216797,5.49,B,1,0,0,0,0,80,15091
260,Century Seasons,9300000,9300000,['Square'],1500,1500,Devanahalli,2025-01-30T13:00:00.000Z,3.0,Z,soldOut,Bengaluru,century-seasons-devanahalli,https://d1zk2x7mtoyb2b.cloudfront.net/ProjectImages/260-century-seasons-devanahalli/views-2.webp,Plot,18,Century Real Estate,25.0,17,Century Seasons Devanahalli Bengaluru Views,13.264944076538086,77.66935729980469,15.44,B,0,1,0,0,0,15,6822
323,Visalakshi Prakruthi,9660000,9660000,['2BHK'],1215,1215,Thanisandra Road,2025-07-30T13:00:00.000Z,3.0,Z,available,Bengaluru,visalakshi-prakruthi-thanisandra-road,https://d1zk2x7mtoyb2b.cloudfront.net/ProjectImages/323-visalakshi-prakruthi-thanisandra-road/views-2.webp,Apartment,169,Visalakshi Housing Projects,1.47,13,Visalakshi Prakruthi Thanisandra Road Bengaluru Views,13.060623168945312,77.63853454589844,3.45,D,0,0,0,0,0,82,11033
600,Vakil Metropolis,6900000,6900000,['Square'],1200,1200,Anekal,2021-09-08T18:30:00.000Z,3.0,Z,available,Bengaluru,vakil-metropolis-anekal,https://d1zk2x7mtoyb2b.cloudfront.net/ProjectImages/600-vakil-metropolis-anekal/views-aerialView-0.webp,Plot,233,Vakil Housing,27.0,91,Vakil Metropolis Anekal Bengaluru Views,12.722943,77.668857,12.29,C,0,0,0,0,0,19,5217
614,Kns Candrill,5418100,9928600,['Square'],1200,2400,Doddaballapur Road,2029-06-14T18:30:00.000Z,3.0,Z,available,Bengaluru,kns-candrill-doddaballapur-road,https://d1zk2x7mtoyb2b.cloudfront.net/ProjectImages/614-kns-candrill-doddaballapur-road/views-accessRoad-0.png,Plot,239,KNS Infrastructure,27.15,108,Kns Candrill Doddaballapur Road Bengaluru Views,13.3513539,77.561059,32.21,C,0,0,0,0,0,13,6911
33,Godrej Royale Woods,7860000,9840000,"['1BHK', '2BHK']",786,984,Devanahalli,2026-01-28T13:00:00.000Z,2.93,Z,soldOut,Bengaluru,godrej-royale-woods-devanahalli,https://d1zk2x7mtoyb2b.cloudfront.net/ProjectImages/33-godrej-royale-woods-devanahalli/views-2.webp,Apartment,3,Godrej Properties Limited,13.0,17,Godrej Royale Woods Devanahalli Bengaluru Views,13.22622013092041,77.68710327148438,3.6,G,0,0,1,1,0,129,9452
39,Ivory Phase 1 at Brigade Orchards,5757504,9872755,"['1.5BHK', '2BHK', '3BHK']",764,1310,Devanahalli,2025-12-30T13:00:00.000Z,2.93,Z,soldOut,Bengaluru,ivory-phase-1-at-brigade-orchards-devanahalli,https://d1zk2x7mtoyb2b.cloudfront.net/ProjectImages/39-ivory-phase-1-at-brigade-orchards-devanahalli/views-2.webp,Apartment,10,Brigade Group,135.0,17,Ivory Phase 1 at Brigade Orchards Devanahalli Bengaluru Views,13.225238800048828,77.72278594970703,8.88,G,0,0,0,1,0,19,9452
87,Ramky One Karnival,5589265,9438825,"['2BHK', '3BHK']",755,1275,Anekal,2025-12-29T13:00:00.000Z,2.93,Z,soldOut,Bengaluru,ramky-one-karnival-anekal,https://d1zk2x7mtoyb2b.cloudfront.net/ProjectImages/87-ramky-one-karnival-anekal/views-2.webp,Apartment,87,Ramky Group,7.17,91,Ramky One Karnival Anekal Bengaluru Views,12.828821182250977,77.66178131103516,3.02,C,0,0,0,1,0,70,8941
131,Adarsh Pinecourt,9024400,9132200,['2BHK'],1172,1186,Thanisandra Road,2023-11-27T13:00:00.000Z,2.93,Z,soldOut,Bengaluru,adarsh-pinecourt-thanisandra-road,https://d1zk2x7mtoyb2b.cloudfront.net/ProjectImages/131-adarsh-pinecourt-thanisandra-road/views-2.webp,Apartment,8,Adarsh Developers,4.0,13,Adarsh Pinecourt Thanisandra Road Bengaluru Views,13.084592819213867,77.66204833984375,8.31,A,0,0,0,1,0,50,11033
201,Valmark Orchards,8940000,8940000,['Square'],1200,1200,Devanahalli,2022-04-29T13:00:00.000Z,2.88,Z,soldOut,Bengaluru,valmark-orchards-devanahalli,https://d1zk2x7mtoyb2b.cloudfront.net/ProjectImages/201-valmark-orchards-devanahalli/views-2.webp,Plot,36,Valmark Group,19.5375,17,Valmark Orchards Devanahalli Bengaluru Views,13.232802391052246,77.7240219116211,9.63,C,0,1,0,0,0,14,6822
622,Rare Earth Montira,6720000,8400000,['Square'],1200,1500,Nandi Hills,2027-12-30T18:30:00.000Z,2.88,Z,available,Bengaluru,rare-earth-montira-nandi-hills,https://d1zk2x7mtoyb2b.cloudfront.net/ProjectImages/622-rare-earth-montira-nandi-hills/views-landscape-0.png,Plot,240,Rare Earth Developers Private Limited.,14.1,21,Rare Earth Montira Nandi Hills Bengaluru Views,13.34312,77.701567,23.51,C,1,0,0,1,0,8,6807
92,Provident Park Square Phase 1,5932000,7909333,"['1BHK', '2BHK']",525,700,Kanakapura Road,2022-09-29T13:00:00.000Z,2.86,Z,soldOut,Bengaluru,provident-park-square-phase-1-kanakapura-road,https://d1zk2x7mtoyb2b.cloudfront.net/ProjectImages/92-provident-park-square-phase-1-kanakapura-road/views-2.webp,Apartment,19,Provident Housing,14.36,83,Provident Park Square Phase 1 Kanakapura Road Bengaluru Views,12.86385440826416,77.5406494140625,1.58,A,1,1,1,1,0,145,12276
148,Casagrand Lorenza,5402171,7169120,['2BHK'],1010,1135,Yelahanka,2022-07-14T13:00:00.000Z,2.86,Z,soldOut,Bengaluru,casagrand-lorenza-yelahanka,https://d1zk2x7mtoyb2b.cloudfront.net/ProjectImages/148-casagrand-lorenza-yelahanka/views-2.webp,Apartment,20,Casagrand Builder Private Limited,2.42,11,Casagrand Lorenza Yelahanka Bengaluru Views,13.1007080078125,77.63279724121094,4.04,B,0,0,0,0,0,66,10894
208,Brigade Woods,5287000,5287000,['1BHK'],622,622,Whitefield,2022-09-29T13:00:00.000Z,2.86,Z,soldOut,Bengaluru,brigade-woods-whitefield,https://d1zk2x7mtoyb2b.cloudfront.net/ProjectImages/208-brigade-woods-whitefield/views-2.webp,Apartment,10,Brigade Group,6.3,31,Brigade Woods Whitefield Bengaluru Views,12.98381233215332,77.74272155761719,1.27,G,1,1,0,0,0,53,15091
564,Shriram Serenity,8935294,8935294,['2BHK'],1085,1085,Yelahanka,2029-07-04T18:30:00.000Z,2.86,Z,available,Bengaluru,shriram-serenity-yelahanka,https://d1zk2x7mtoyb2b.cloudfront.net/ProjectImages/564-shriram-serenity-yelahanka/views-amenities-0.webp,Apartment,9,Shriram Properties,4.0,11,Shriram Serenity Yelahanka Bengaluru Views,13.17627909852749,77.54928880489348,11.98,B,0,0,0,0,0,68,10894
615,Sattva Forest Ridge,7873698,8235111,['1BHK'],732,767,JP Nagar,2029-12-29T18:30:00.000Z,2.86,Z,available,Bengaluru,sattva-forest-ridge-jp-nagar,https://d1zk2x7mtoyb2b.cloudfront.net/ProjectImages/615-sattva-forest-ridge-jp-nagar/views-3DRender-0.png,Apartment,14,Sattva Group,4.0,77,Sattva Forest Ridge JP Nagar Bengaluru Views,12.862791841200565,77.55759716033936,4.12,A,1,0,1,0,0,102,12993
32,Godrej Ananda Bliss,8350720,8350720,['2BHK'],896,896,Bagalur,2027-06-20T13:00:00.000Z,2.79,Z,soldOut,Bengaluru,godrej-ananda-bliss-bagalur,https://d1zk2x7mtoyb2b.cloudfront.net/ProjectImages/32-godrej-ananda-bliss-bagalur/views-2.webp,Apartment,3,Godrej Properties Limited,20.33,18,Godrej Ananda Bliss Bagalur Bengaluru Views,13.14792537689209,77.67770385742188,7.68,G,1,0,0,0,0,91,9166
81,Prestige Primrose Hills Phase 1,6864000,7068000,['1BHK'],572,589,Uttarahalli,2025-02-27T13:00:00.000Z,2.79,Z,soldOut,Bengaluru,prestige-primrose-hills-phase-1-uttarahalli,https://d1zk2x7mtoyb2b.cloudfront.net/ProjectImages/81-prestige-primrose-hills-phase-1-uttarahalli/views-2.webp,Apartment,2,Prestige Constructions,15.0,78,Prestige Primrose Hills Phase 1 Uttarahalli Bengaluru Views,12.868891716003418,77.5230941772461,1.94,G,0,0,1,1,0,112,12881
150,Casgrand Orlena,8537888,9826476,['2BHK'],1080,1243,Thanisandra Road,2024-08-20T13:00:00.000Z,2.79,Z,soldOut,Bengaluru,casgrand-orlena-thanisandra-road,https://d1zk2x7mtoyb2b.cloudfront.net/ProjectImages/150-casgrand-orlena-thanisandra-road/views-2.webp,Apartment,20,Casagrand Builder Private Limited,3.99,13,Casgrand Orlena Thanisandra Road Bengaluru Views,13.043771743774414,77.63539123535156,2.01,B,1,0,0,0,0,74,11033
151,Casagrand Aquene,5045117,6900000,"['1BHK', '2BHK', '3BHK']",814,1550,Kengeri,2025-06-09T13:00:00.000Z,2.79,Z,soldOut,Bengaluru,casagrand-aquene-kengeri,https://d1zk2x7mtoyb2b.cloudfront.net/ProjectImages/151-casagrand-aquene-kengeri/views-2.webp,Apartment,20,Casagrand Builder Private Limited,3.77,90,Casagrand Aquene Kengeri Bengaluru Views,12.90858554840088,77.486328125,1.52,B,1,1,0,1,0,88,9208
312,TVS Emerald Jardin,7749000,7963200,['1BHK'],615,632,Begur,2027-07-30T13:00:00.000Z,2.79,Z,soldOut,Bengaluru,tvs-emerald-jardin-begur,https://d1zk2x7mtoyb2b.cloudfront.net/ProjectImages/312-tvs-emerald-jardin-begur/views-2.webp,Apartment,81,TVS Group,5.69,82,TVS Emerald Jardin Begur Bengaluru Views,12.871280670166016,77.64329528808594,1.73,A,1,1,0,0,0,102,12266
383,Shriram Sapphire,7745941,9921000,"['2BHK', '3BHK']",975,1265,Bommasandra,2028-11-04T13:00:00.000Z,2.79,Z,available,Bengaluru,shriram-sapphire-bommasandra,https://d1zk2x7mtoyb2b.cloudfront.net/ProjectImages/383-shriram-sapphire-bommasandra/views-2.webp,Apartment,9,Shriram Properties,5.65,79,Shriram Sapphire Bommasandra Bengaluru Views,12.822602272033691,77.69326782226562,1.24,B,1,1,0,0,0,73,9654
528,Provident Botanico,9190000,9190000,['2BHK'],986,986,Soukya Road,2028-09-29T18:30:00.000Z,2.79,Z,available,Bengaluru,provident-botanico-soukya-road,https://d1zk2x7mtoyb2b.cloudfront.net/ProjectImages/528-provident-botanico-soukya-road/views-3DRender-0.webp,Apartment,19,Provident Housing,17.12,63,Provident Botanico Soukya Road Bengaluru Views,12.99101119469816,77.8052621238037,7.97,A,1,1,0,0,0,74,10896
330,Rainbow Vistas,7837000,7837000,['Square'],2449,2449,Kanakapura Road,2025-07-30T13:00:00.000Z,2.75,Z,available,Bengaluru,rainbow-vistas-kaggalipura,https://d1zk2x7mtoyb2b.cloudfront.net/ProjectImages/330-rainbow-vistas-kaggalipura/views-2.webp,Plot,172,Rainbow Properties,8.1,83,Rainbow Vistas Kanakapura Road Bengaluru Views,12.794285774230955,77.48551177978516,12.34,D,0,0,0,0,0,18,5382
591,Ivc Northshire Address,8534160,8534160,['Square'],1200,1200,IVC Road,2027-12-30T18:30:00.000Z,2.75,Z,available,Bengaluru,ivc-northshire-address-ivc-road,https://d1zk2x7mtoyb2b.cloudfront.net/ProjectImages/0-ivc-northshire-address-ivc-road/views-entrance-1.png,Plot,131,Address Makers,7.0,22,Ivc Northshire Address IVC Road Bengaluru Views,13.226801,77.59767,11.9,B,0,0,0,1,0,15,6911
15,Bren Northern Lights,5974000,8137000,"['1.5BHK', '1BHK', '2BHK']",580,790,Jakkur,2023-03-29T13:00:00.000Z,2.71,Z,soldOut,Bengaluru,bren-northern-lights-jakkur,https://d1zk2x7mtoyb2b.cloudfront.net/ProjectImages/15-bren-northern-lights-jakkur/views-2.webp,Apartment,17,Bren Corporation,7.6,14,Bren Northern Lights Jakkur Bengaluru Views,13.094529151916504,77.60908508300781,3.86,B,0,0,0,0,0,94,11436
60,Mahaveer Northscape,5078437,9489841,"['1BHK', '2BHK', '3BHK']",739,1533,Devanahalli,2024-09-29T13:00:00.000Z,2.71,Z,soldOut,Bengaluru,mahaveer-northscape-devanahalli,https://d1zk2x7mtoyb2b.cloudfront.net/ProjectImages/60-mahaveer-northscape-devanahalli/views-2.webp,Apartment,12,Mahaveer Group,3.76,17,Mahaveer Northscape Devanahalli Bengaluru Views,13.204872131347656,77.6353530883789,4.48,D,0,0,0,1,0,63,9452
86,Provident Park Square Phase 5,5191200,8900000,"['1BHK', '2BHK']",525,900,Kanakapura Road,2025-09-29T13:00:00.000Z,2.71,Z,available,Bengaluru,provident-park-square-phase-5-kanakapura-road,https://d1zk2x7mtoyb2b.cloudfront.net/ProjectImages/86-provident-park-square-phase-5-kanakapura-road/views-2.webp,Apartment,19,Provident Housing,14.36,83,Provident Park Square Phase 5 Kanakapura Road Bengaluru Views,12.86385440826416,77.5406494140625,1.58,A,1,1,1,1,0,145,12276
418,MVN Aero One Phase 3,5637847,8980469,"['1BHK', '2BHK']",663,1074,Devanahalli,2027-07-19T13:00:00.000Z,2.71,Z,available,Bengaluru,mvn-aero-one-phase-3-devanahalli,https://d1zk2x7mtoyb2b.cloudfront.net/ProjectImages/418-mvn-aero-one-phase-3-devanahalli/views-2.webp,Apartment,191,MVN Group,4.37,17,MVN Aero One Phase 3 Devanahalli Bengaluru Views,13.216257095336914,77.70991516113281,5.86,D,1,0,0,0,0,80,9452
556,The Poem By Shriram Properties,7780236,8486038,"['2.5BHK', '2BHK']",948,1034,Jalahalli,2021-03-18T18:30:00.000Z,2.71,Z,soldOut,Bengaluru,the-poem-by-shriram-properties-jalahalli,https://d1zk2x7mtoyb2b.cloudfront.net/ProjectImages/556-the-poem-by-shriram-properties-jalahalli/views-amenities-0.webp,Apartment,9,Shriram Properties,7.0,107,The Poem By Shriram Properties Jalahalli Bengaluru Views,13.0699078,77.5208367,4.47,B,0,1,0,0,0,94,12216
146,Casagrand Boulevard,6537600,6537600,['1BHK'],681,681,Thanisandra Road,2024-12-30T13:00:00.000Z,2.64,Z,soldOut,Bengaluru,casagrand-boulevard-thanisandra-road,https://d1zk2x7mtoyb2b.cloudfront.net/ProjectImages/146-casagrand-boulevard-thanisandra-road/views-2.webp,Apartment,20,Casagrand Builder Private Limited,7.6,13,Casagrand Boulevard Thanisandra Road Bengaluru Views,13.077937126159668,77.65830993652344,7.44,B,1,0,0,0,0,69,11033
153,Casagrand Zaiden,9219999,9527332,['2BHK'],1230,1271,Kanakapura Road,2026-03-22T13:00:00.000Z,2.64,Z,soldOut,Bengaluru,casagrand-zaiden-kanakapura-road,https://d1zk2x7mtoyb2b.cloudfront.net/ProjectImages/153-casagrand-zaiden-kanakapura-road/views-2.webp,Apartment,20,Casagrand Builder Private Limited,3.68,83,Casagrand Zaiden Kanakapura Road Bengaluru Views,12.868241310119627,77.52499389648438,1.91,B,1,0,0,0,0,78,12276
155,DNR Casablanca,9045400,9293900,['2BHK'],1274,1309,Mahadevapura,2022-06-29T13:00:00.000Z,2.64,Z,soldOut,Bengaluru,dnr-casablanca-mahadevapura,https://d1zk2x7mtoyb2b.cloudfront.net/ProjectImages/155-dnr-casablanca-mahadevapura/views-2.webp,Apartment,32,DNR Group,2.29,36,DNR Casablanca Mahadevapura Bengaluru Views,12.994207382202148,77.68922424316406,4.54,B,1,0,0,1,0,86,14975
162,Poorvi Enchanting,8301250,9577250,"['2BHK', '3BHK']",1145,1321,Sarjapur Road,2024-11-24T13:00:00.000Z,2.64,Z,soldOut,Bengaluru,poorvi-enchanting-sarjapur-road,https://d1zk2x7mtoyb2b.cloudfront.net/ProjectImages/162-poorvi-enchanting-sarjapur-road/views-2.webp,Apartment,136,Poorvi Infinite,1.1,68,Poorvi Enchanting Sarjapur Road Bengaluru Views,12.889172554016112,77.69585418701172,2.89,D,0,1,0,0,0,90,11384
203,The Retreat ,5780000,5780000,['Square'],1200,1200,Devanahalli,2020-12-29T13:00:00.000Z,2.63,Z,available,Bengaluru,the-retreat-devanahalli,https://d1zk2x7mtoyb2b.cloudfront.net/ProjectImages/203-the-retreat-devanahalli/views-2.webp,Plot,140,Sri Satya Sai Developers,8.73,17,The Retreat  Devanahalli Bengaluru Views,13.191201210021973,77.62532043457031,4.47,D,1,1,0,0,0,7,6822
315,Manyata Midlands,7055999,7055999,['Square'],2400,2400,Anekal,2027-11-30T13:00:00.000Z,2.63,Z,soldOut,Bengaluru,manyata-midlands-anekal,https://d1zk2x7mtoyb2b.cloudfront.net/ProjectImages/315-manyata-midlands-anekal/views-2.webp,Plot,134,Manyata Developers,29.06,91,Manyata Midlands Anekal Bengaluru Views,12.682663917541504,77.72518157958984,16.09,B,1,1,0,0,0,17,5217
631,Godrej Aravya Estate,6600000,8250000,['Square'],1200,1500,Doddaballapur Road,2030-10-30T18:30:00.000Z,2.63,Z,available,Bengaluru,godrej-aravya-estate-doddaballapur-road,https://d1zk2x7mtoyb2b.cloudfront.net/ProjectImages/631-godrej-aravya-estate-doddaballapur-road/views-aerialView-0.jpeg,Plot,3,Godrej Properties Limited,47.57,108,Godrej Aravya Estate Doddaballapur Road Bengaluru Views,13.3938257,77.4850913,37.91,G,0,0,0,1,0,14,6911
70,Subram Jade Gardens,5644129,9739043,"['1.5BHK', '1BHK', '2BHK']",721,1308,Yeshwanthpur,2024-08-30T13:00:00.000Z,2.57,Z,soldOut,Bengaluru,subram-jade-gardens-yeshwanthpur,https://d1zk2x7mtoyb2b.cloudfront.net/ProjectImages/70-subram-jade-gardens-yeshwanthpur/views-2.webp,Apartment,58,Subram Builders,3.0,106,Subram Jade Gardens Yeshwanthpur Bengaluru Views,13.04057502746582,77.49406433105469,3.4,D,0,1,0,0,0,47,15917
174,Sattva Aeropolis,5771500,9816400,"['1BHK', '2BHK', '3BHK']",595,1012,Airport Bellari Road,2026-07-08T13:00:00.000Z,2.57,Z,soldOut,Bengaluru,sattva-aeropolis-airportbellari-road,https://d1zk2x7mtoyb2b.cloudfront.net/ProjectImages/174-sattva-aeropolis-airportbellari-road/views-2.webp,Apartment,14,Sattva Group,10.32,20,Sattva Aeropolis Airport Bellari Road Bengaluru Views,13.212916374206545,77.67326354980469,4.88,A,1,1,0,1,0,97,11642
264,Casagrand Keatsway,6856919,9984000,"['1BHK', '2BHK']",796,1248,HBR Layout,2026-11-04T13:00:00.000Z,2.57,Z,soldOut,Bengaluru,casagrand-keatsway-hbr-layout,https://d1zk2x7mtoyb2b.cloudfront.net/ProjectImages/264-casagrand-keatsway-hbr-layout/views-2.webp,Apartment,20,Casagrand Builder Private Limited,3.7,26,Casagrand Keatsway HBR Layout Bengaluru Views,13.049535751342772,77.63822174072266,2.18,B,1,0,0,0,0,77,10462
5,Ajmera Lugaano - AB Wing,6509259,9500000,"['1BHK', '2BHK']",666,972,Yelahanka,2025-09-29T13:00:00.000Z,2.5,Z,available,Bengaluru,ajmera-lugaano-ab-wing-yelahanka,https://d1zk2x7mtoyb2b.cloudfront.net/ProjectImages/5-ajmera-lugaano-ab-wing-yelahanka/Views-2.webp,Apartment,30,Ajmera Realty & Infra Limited,10.2,11,Ajmera Lugaano - AB Wing Yelahanka Bengaluru Views,13.110486030578612,77.55860137939453,7.0,C,0,1,0,0,0,89,10894
65,Rohan Upavan Phase 3,7006000,8339400,"['1.5BHK', '1BHK']",620,738,Hennur,2024-06-29T13:00:00.000Z,2.5,Z,soldOut,Bengaluru,rohan-upavan-phase-3-hennur,https://d1zk2x7mtoyb2b.cloudfront.net/ProjectImages/65-rohan-upavan-phase-3-hennur/views-2.webp,Apartment,24,Rohan Developers,13.215,16,Rohan Upavan Phase 3 Hennur Bengaluru Views,13.05620002746582,77.6612319946289,7.43,B,1,0,0,1,0,76,10610
237,Sattva Bliss,5460000,9600000,"['1BHK', '2BHK', '3BHK']",546,960,Budigere Cross,2027-08-20T18:30:00.000Z,2.5,Z,available,Bengaluru,sattva-bliss-budigere-cross,https://d1zk2x7mtoyb2b.cloudfront.net/ProjectImages/237-sattva-bliss-budigere-cross/views-2.webp,Apartment,14,Sattva Group,3.32,62,Sattva Bliss Budigere Cross Bengaluru Views,13.06307601928711,77.74603271484375,13.21,A,0,0,0,1,0,102,10516
557,Sowparnika Rhythm Of Rain,5124301,9420000,"['1BHK', '2BHK']",551,942,Soukya Road,2032-01-14T18:30:00.000Z,2.5,Z,available,Bengaluru,sowparnika-rhythm-of-rain-soukya-road,https://d1zk2x7mtoyb2b.cloudfront.net/ProjectImages/557-sowparnika-rhythm-of-rain-soukya-road/views-3DRender-2.webp,Apartment,26,Sowparnika,6.33,63,Sowparnika Rhythm Of Rain Soukya Road Bengaluru Views,12.985682936143302,77.79411971569061,6.96,C,0,1,0,1,0,115,10896
676,Embassy Verde Phase 2,6430700,7094100,['1BHK'],601,663,Devanahalli,2031-06-30T00:00:00.000Z,2.5,Z,available,Bengaluru,embassy-verde-phase-2,https://d1zk2x7mtoyb2b.cloudfront.net/ProjectImages/676-embassy-verde-phase-2/views-media-1772972904092-0.png,Apartment,21,Embassy Group,4.77,17,Embassy Verde Phase 2 Devanahalli Bengaluru Views,13.207266,77.614553,6.94,A,1,0,0,1,0,147,9452
35,Concorde Spring Meadows,8392800,9352200,['2BHK'],1076,1199,Jalahalli,2023-07-29T13:00:00.000Z,2.43,Z,soldOut,Bengaluru,concorde-spring-meadows-hesaraghatta-road,https://d1zk2x7mtoyb2b.cloudfront.net/ProjectImages/35-concorde-spring-meadows-hesaraghatta-road/views-2.webp,Apartment,31,Concorde Group,3.47,107,Concorde Spring Meadows Jalahalli Bengaluru Views,13.064922332763672,77.50473022460938,3.06,C,0,0,0,0,0,103,12216
79,Sai Kalyan Water Edge,8010960,9931919,"['2BHK', '3BHK']",1151,1427,Yelahanka,2027-12-30T13:00:00.000Z,2.43,Z,soldOut,Bengaluru,sai-kalyan-water-edge-yelahanka,https://d1zk2x7mtoyb2b.cloudfront.net/ProjectImages/79-sai-kalyan-water-edge-yelahanka/views-2.webp,Apartment,55,Sai Kalyan Developers,4.87,11,Sai Kalyan Water Edge Yelahanka Bengaluru Views,13.413310050964355,77.36580657958984,51.02,D,0,0,0,0,0,99,10894
94,Ahad Serenity,7544700,8857700,['1BHK'],747,877,Sarjapur Road,2024-06-29T13:00:00.000Z,2.43,Z,soldOut,Bengaluru,ahad-serenity-sarjapur-road,https://d1zk2x7mtoyb2b.cloudfront.net/ProjectImages/94-ahad-serenity-sarjapur-road/views-2.webp,Apartment,64,Ahad Builders,7.9,68,Ahad Serenity Sarjapur Road Bengaluru Views,12.881694793701172,77.67828369140625,3.7,C,0,0,0,1,0,78,11384
249,Provident Ecopolitian ,6600000,6600000,['1BHK'],600,600,Bagalur,2027-09-29T13:00:00.000Z,2.43,Z,soldOut,Bengaluru,provident-ecopolitian-bagalur,https://d1zk2x7mtoyb2b.cloudfront.net/ProjectImages/249-provident-ecopolitian-bagalur/views-2.webp,Apartment,19,Provident Housing,10.0,18,Provident Ecopolitian  Bagalur Bengaluru Views,13.147517204284668,77.68135070800781,8.96,A,1,1,0,1,0,154,9166
417,Pride Vatika,6480002,8100000,['Square'],1200,1500,Jigani,2023-12-30T13:00:00.000Z,2.38,Z,available,Bengaluru,pride-vatika-jigani,https://d1zk2x7mtoyb2b.cloudfront.net/ProjectImages/417-pride-vatika-jigani/views-2.webp,Plot,129,Pride Developers,21.57,93,Pride Vatika Jigani Bengaluru Views,12.784838676452637,77.60755157470703,12.69,C,1,0,0,1,0,14,7148
97,Royal Tulip Villas,9000000,9000000,['3BHK'],1900,1900,Chikka Tirupathi,2024-08-29T13:00:00.000Z,2.36,Z,available,Bengaluru,royal-tulip-villas-chikka-tirupathi,https://d1zk2x7mtoyb2b.cloudfront.net/ProjectImages/97-royal-tulip-villas-chikka-tirupathi/views-2.webp,Villa,88,Whitehill Properties,15.0,75,Royal Tulip Villas Chikka Tirupathi Bengaluru Views,12.87024211883545,77.81787872314453,5.0,D,1,1,0,1,0,23,9591
186,Shriram WYT Field Phase 2,6762000,9706000,"['2.5BHK', '2BHK']",735,1055,Budigere Cross,2026-08-04T13:00:00.000Z,2.36,Z,soldOut,Bengaluru,shriram-wyt-field-phase-2-budigere-cross,https://d1zk2x7mtoyb2b.cloudfront.net/ProjectImages/186-shriram-wyt-field-phase-2-budigere-cross/views-2.webp,Apartment,9,Shriram Properties,11.4,62,Shriram WYT Field Phase 2 Budigere Cross Bengaluru Views,13.071001052856444,77.74634552001953,17.17,B,1,0,1,1,0,112,10516
590,Winds Of Change By Ckpc,7000000,7000000,['1BHK'],689,689,Yelahanka,2029-03-29T18:30:00.000Z,2.36,Z,available,Bengaluru,winds-of-change-by-ckpc-yelahanka,https://d1zk2x7mtoyb2b.cloudfront.net/ProjectImages/0-winds-of-change-by-ckpc-yelahanka/views-amenities-0.jpeg,Apartment,230,CKPC,7.5,11,Winds Of Change By Ckpc Yelahanka Bengaluru Views,13.1422369579124,77.56610064044285,8.12,C,1,0,0,1,0,58,10894
49,Newyork by Manjeera,9000000,9000000,['2BHK'],1250,1250,Yelahanka,2025-01-06T13:00:00.000Z,2.29,Z,soldOut,Bengaluru,newyork-by-manjeera-yelahanka,https://d1zk2x7mtoyb2b.cloudfront.net/ProjectImages/49-newyork-by-manjeera-yelahanka/views-2.webp,Apartment,51,Manjeera,3.6,11,Newyork by Manjeera Yelahanka Bengaluru Views,13.092232704162598,77.59447479248047,2.16,C,0,1,0,0,0,103,10894
117,Brigade Horizon,5104500,8701322,"['1BHK', '2BHK']",615,1064,Mysore Road,2026-12-30T13:00:00.000Z,2.29,Z,available,Bengaluru,brigade-horizon-mysore-road,https://d1zk2x7mtoyb2b.cloudfront.net/ProjectImages/117-brigade-horizon-mysore-road/views-2.webp,Apartment,10,Brigade Group,5.0,98,Brigade Horizon Mysore Road Bengaluru Views,12.88785171508789,77.45228576660156,6.2,G,0,0,0,0,0,61,15412
168,Macasa Emerald,8094000,8496477,"['2.5BHK', '2BHK']",1039,1088,Sarjapur Road,2026-12-30T13:00:00.000Z,2.29,Z,soldOut,Bengaluru,macasa-emerald-sarjapur-road,https://d1zk2x7mtoyb2b.cloudfront.net/ProjectImages/168-macasa-emerald-sarjapur-road/views-2.webp,Apartment,107,Mana Projects,1.93,68,Macasa Emerald Sarjapur Road Bengaluru Views,12.890528678894045,77.69583129882812,2.88,B,1,0,0,1,0,105,11384
570,Sparkle Atmos,5000000,7313145,"['2BHK', '3BHK']",881,1445,Anekal,2028-12-30T18:30:00.000Z,2.29,Z,available,Bengaluru,sparkle-atmos-anekal,https://d1zk2x7mtoyb2b.cloudfront.net/ProjectImages/570-sparkle-atmos-anekal/views-3DRender-0.webp,Apartment,224,Sparkle Realty,2.0,91,Sparkle Atmos Anekal Bengaluru Views,12.7393392,77.70085089999999,8.6,D,0,0,0,0,0,63,8941
583,Urbanize Indian Springs,6037000,6037000,['Square'],600,600,Electronic City,2026-12-30T18:30:00.000Z,2.25,Z,available,Bengaluru,urbanize-indian-springs-electronic-city,https://d1zk2x7mtoyb2b.cloudfront.net/ProjectImages/583-urbanize-indian-springs-electronic-city/views-entrance-1.webp,Plot,229,Urbanize Group,13.0,80,Urbanize Indian Springs Electronic City Bengaluru Views,12.8197634,77.6360921,6.65,C,1,1,0,0,1,16,7148
31,GM North Enclave,5444998,5444998,['3BHK'],990,990,Thanisandra Road,2024-04-29T13:00:00.000Z,2.21,Z,soldOut,Bengaluru,gm-north-enclave-thanisandra-road,https://d1zk2x7mtoyb2b.cloudfront.net/ProjectImages/31-gm-north-enclave-thanisandra-road/views-2.webp,Apartment,13,GM Developers,3.8,13,GM North Enclave Thanisandra Road Bengaluru Views,13.08405303955078,77.63436126708984,5.3,D,0,0,0,0,0,176,11033
41,LGCL Happy Days - Phase 2,5899999,5899999,['2BHK'],905,905,Hennur,2022-09-29T13:00:00.000Z,2.21,Z,soldOut,Bengaluru,lgcl-happy-days-phase-2-hennur,https://d1zk2x7mtoyb2b.cloudfront.net/ProjectImages/41-lgcl-happy-days-phase-2-hennur/views-2.webp,Apartment,22,Lalith Gangadhar Constructions Private Limited,3.075,16,LGCL Happy Days - Phase 2 Hennur Bengaluru Views,12.957178115844728,77.69898986816406,6.08,D,0,0,0,1,0,77,10610
328,Inspira Tropical Garden,9082327,9830379,['2BHK'],1117,1209,Electronic City,2026-06-29T13:00:00.000Z,2.21,Z,available,Bengaluru,inspira-tropical-garden-electronic-city,https://d1zk2x7mtoyb2b.cloudfront.net/ProjectImages/328-inspira-tropical-garden-electronic-city/views-2.webp,Apartment,171,Inspira Tropical Garden LLP,1.72,80,Inspira Tropical Garden Electronic City Bengaluru Views,12.84465503692627,77.68775177001953,2.9,C,0,0,0,0,0,105,9654
78,Shriram Suvilas Palms,7117500,9412500,"['2.5BHK', '2BHK', '3BHK']",949,1255,Jalahalli,2026-03-30T13:00:00.000Z,2.14,Z,soldOut,Bengaluru,shriram-suvilas-palms-jalahalli,https://d1zk2x7mtoyb2b.cloudfront.net/ProjectImages/78-shriram-suvilas-palms-jalahalli/views-2.webp,Apartment,9,Shriram Properties,6.29,107,Shriram Suvilas Palms Jalahalli Bengaluru Views,13.071084022521973,77.52135467529297,4.28,B,1,1,0,0,0,105,12216
370,Esteem South Park,9070535,9571977,['2BHK'],814,859,Bannerghatta Road,2026-12-30T13:00:00.000Z,2.14,Z,available,Bengaluru,esteem-south-park-bannerghatta-road,https://d1zk2x7mtoyb2b.cloudfront.net/ProjectImages/370-esteem-south-park-bannerghatta-road/views-2.webp,Apartment,183,Esteem Developers,4.0,81,Esteem South Park Bannerghatta Road Bengaluru Views,12.86171817779541,77.58882904052734,0.73,C,1,0,0,1,0,103,12271
76,Vaishnavi Serene,5232640,8500000,"['1BHK', '2BHK', '3BHK']",640,1060,Yelahanka,2023-09-29T13:00:00.000Z,2.0,Z,soldOut,Bengaluru,vaishnavi-serene-yelahanka,https://d1zk2x7mtoyb2b.cloudfront.net/ProjectImages/76-vaishnavi-serene-yelahanka/views-2.webp,Apartment,59,Vaishnavi Group,10.8,11,Vaishnavi Serene Yelahanka Bengaluru Views,13.124924659729004,77.5679931640625,6.21,B,0,1,0,1,0,83,10894
360,Shriram Liberty Square,6030000,7120500,"['2BHK', '3BHK']",860,1010,Electronic City,2024-11-13T13:00:00.000Z,2.0,Z,available,Bengaluru,shriram-liberty-square-electronic-city,https://d1zk2x7mtoyb2b.cloudfront.net/ProjectImages/360-shriram-liberty-square-electronic-city/views-2.webp,Apartment,9,Shriram Properties,6.0,80,Shriram Liberty Square Electronic City Bengaluru Views,12.832745552062988,77.70263671875,4.07,B,0,0,0,1,0,107,9654
390,V-Regaliaa,8798597,9801000,"['2BHK', '3BHK']",1170,1310,Krishnarajapuram,2024-09-29T13:00:00.000Z,2.0,Z,soldOut,Bengaluru,v-regaliaa-ramamurthy-nagar,https://d1zk2x7mtoyb2b.cloudfront.net/ProjectImages/390-v-regaliaa-ramamurthy-nagar/views-2.webp,Apartment,8,Adarsh Developers,1.23,32,V-Regaliaa Krishnarajapuram Bengaluru Views,13.02589988708496,77.6624984741211,5.69,A,0,0,0,0,0,67,10498
17,Brigade Bricklane,7293000,7557000,['1BHK'],663,687,Kogilu,2022-09-29T13:00:00.000Z,1.93,Z,soldOut,Bengaluru,brigade-bricklane-kogilu,https://d1zk2x7mtoyb2b.cloudfront.net/ProjectImages/17-brigade-bricklane-kogilu/views-2.webp,Apartment,10,Brigade Group,7.78,15,Brigade Bricklane Kogilu Bengaluru Views,13.10080623626709,77.63204956054688,3.88,G,0,0,0,0,0,96,10983
343,DSR Green Water,9492618,9492618,['2BHK'],1004,1004,Varthur,2025-03-14T13:00:00.000Z,1.93,Z,soldOut,Bengaluru,dsr-green-water-varthur,https://d1zk2x7mtoyb2b.cloudfront.net/ProjectImages/343-dsr-green-water-varthur/views-2.webp,Apartment,40,DSR Infrastructure Private Limited,1.5,34,DSR Green Water Varthur Bengaluru Views,12.917855262756348,77.71676635742188,3.09,B,1,0,0,1,0,84,12043
381,Sowparnika Euphoria In The East,5328678,9847770,"['1BHK', '2BHK']",540,998,Soukya Road,2031-05-30T13:00:00.000Z,1.93,Z,available,Bengaluru,sowparnika-euphoria-in-the-east-whitefield,https://d1zk2x7mtoyb2b.cloudfront.net/ProjectImages/381-sowparnika-euphoria-in-the-east-whitefield/views-2.webp,Apartment,26,Sowparnika,7.96,63,Sowparnika Euphoria In The East Soukya Road Bengaluru Views,13.025687217712402,77.7849349975586,9.72,C,0,1,0,1,0,138,10896
293,RAK Felicity,6000000,7500000,['Square'],1200,1500,Devanahalli,2024-06-29T13:00:00.000Z,1.88,Z,soldOut,Bengaluru,rak-felicity-devanahalli,https://d1zk2x7mtoyb2b.cloudfront.net/ProjectImages/293-rak-felicity-devanahalli/views-2.webp,Plot,156,RAK Developers,15.45,17,RAK Felicity Devanahalli Bengaluru Views,13.266260147094728,77.72701263427734,11.83,D,1,1,0,0,0,19,6822
19,Brigade Parkside North,5005603,8915449,"['1BHK', '2BHK']",711,1268,Jalahalli,2022-09-29T13:00:00.000Z,1.86,Z,soldOut,Bengaluru,brigade-parkside-north-jalahalli,https://d1zk2x7mtoyb2b.cloudfront.net/ProjectImages/19-brigade-parkside-north-jalahalli/views-2.webp,Apartment,10,Brigade Group,5.3,107,Brigade Parkside North Jalahalli Bengaluru Views,13.068522453308104,77.5297622680664,4.51,G,0,1,1,0,0,82,12216
96,Nambiar Millennia ,5678000,7800000,"['1.5BHK', '2.5BHK', '2BHK']",668,930,Sarjapur Road,2026-11-29T13:00:00.000Z,1.86,Z,available,Bengaluru,nambiar-millennia-sarjapur-road,https://d1zk2x7mtoyb2b.cloudfront.net/ProjectImages/96-nambiar-millennia-sarjapur-road/views-2.webp,Apartment,29,Nambiar Builders,3.8,68,Nambiar Millennia  Sarjapur Road Bengaluru Views,12.840664863586426,77.73049926757812,7.16,B,0,0,0,0,0,114,11384
99,Aratt Amora,6200000,6596000,"['3BHK', '4BHK']",1770,1883,Jigani,2019-07-30T13:00:00.000Z,1.86,Z,soldOut,Bengaluru,aratt-amora-jigani,https://d1zk2x7mtoyb2b.cloudfront.net/ProjectImages/99-aratt-amora-jigani/views-2.webp,Row House,37,Aratt Builders,9.5,93,Aratt Amora Jigani Bengaluru Views,12.75840187072754,77.67254638671875,8.9,C,0,0,0,0,0,17,10479
377,Living Harmony,8316000,9711000,['2BHK'],924,1079,Varthur,2024-11-03T13:00:00.000Z,1.86,Z,soldOut,Bengaluru,living-harmony-varthur,https://d1zk2x7mtoyb2b.cloudfront.net/ProjectImages/377-living-harmony-varthur/views-2.webp,Apartment,185,Nagamani Construction,1.17,34,Living Harmony Varthur Bengaluru Views,12.954390525817873,77.7252197265625,4.51,D,0,0,0,1,0,100,12043
392,Suraksha Springs,8567040,9567863,['2BHK'],1070,1195,Bannerghatta Road,2027-03-14T13:00:00.000Z,1.86,Z,soldOut,Bengaluru,suraksha-springs-bannerghatta-road,https://d1zk2x7mtoyb2b.cloudfront.net/ProjectImages/392-suraksha-springs-bannerghatta-road/views-2.webp,Apartment,163,Suraksha Groups,2.17,81,Suraksha Springs Bannerghatta Road Bengaluru Views,12.862200736999512,77.61463165283203,4.5,D,0,0,0,1,0,83,12271
572,Lvs Greenwoods,8424000,9750000,['2BHK'],1080,1250,Budigere Cross,2027-06-29T18:30:00.000Z,1.86,Z,available,Bengaluru,lvs-greenwoods-budigere-cross,https://d1zk2x7mtoyb2b.cloudfront.net/ProjectImages/572-lvs-greenwoods-budigere-cross/views-entrance-0.webp,Apartment,226,LVS Builders LLP,1.9,62,Lvs Greenwoods Budigere Cross Bengaluru Views,13.037675355900744,77.70713567733765,8.03,D,1,0,0,0,0,73,10516
69,Sobha Dream Gardens Phase 4 – Wing 1 and 2,7458000,7458000,['1BHK'],678,678,Thanisandra Road,2025-11-27T13:00:00.000Z,1.79,Z,soldOut,Bengaluru,sobha-dream-gardens-phase-4-wing-1-and-2-thanisandra-road,https://d1zk2x7mtoyb2b.cloudfront.net/ProjectImages/69-sobha-dream-gardens-phase-4-wing-1-and-2-thanisandra-road/views-2.webp,Apartment,6,Sobha Limited,3.65,13,Sobha Dream Gardens Phase 4 – Wing 1 and 2 Thanisandra Road Bengaluru Views,13.55482006072998,77.38285064697266,66.44,G,0,1,0,1,0,437,11033
90,Sowparnika Ashiyana Phase 2,5000000,8404764,"['2BHK', '3BHK']",630,1059,Hoskote,2025-06-29T13:00:00.000Z,1.57,Z,soldOut,Bengaluru,sowparnika-ashiyana-phase-2-hoskote,https://d1zk2x7mtoyb2b.cloudfront.net/ProjectImages/90-sowparnika-ashiyana-phase-2-hoskote/views-2.webp,Apartment,26,Sowparnika,4.37,59,Sowparnika Ashiyana Phase 2 Hoskote Bengaluru Views,12.98430347442627,77.79505920410156,6.84,C,1,0,0,1,0,179,10984
184,Provident Capella 2,6942700,8130900,"['2.5BHK', '2BHK']",879,1106,Soukya Road,2025-06-29T13:00:00.000Z,1.57,Z,available,Bengaluru,provident-capella-2-soukya-road,https://d1zk2x7mtoyb2b.cloudfront.net/ProjectImages/184-provident-capella-2-soukya-road/views-2.webp,Apartment,19,Provident Housing,5.0,63,Provident Capella 2 Soukya Road Bengaluru Views,12.993435859680176,77.805908203125,7.66,A,1,0,0,1,0,153,10896
336,Grand Icon 3,7500049,10000000,['Square'],1200,1500,Bommasandra,2026-04-29T13:00:00.000Z,1.5,Z,available,Bengaluru,grand-icon-3-bommasandra,https://d1zk2x7mtoyb2b.cloudfront.net/ProjectImages/336-grand-icon-3-bommasandra/views-2.webp,Plot,1,Ozone,4.9,79,Grand Icon 3 Bommasandra Bengaluru Views,12.80203342437744,77.67999267578125,3.66,D,1,0,0,1,0,16,7148
